MASTER_OID,VolumeCorr,BasinID,BID,Q01,Q02,Q03,Q04,Q05,Q06,Q07,Q08,Q09,Q10,Q11,Q12,V01,V02,V03,V04,V05,V06,V07,V08,V09,V10,V11,V12,XC01,XC02,XC03,XC04,XC05,XC06,XC07,XC08,XC09,XC10,XC11,XC12
1838,434657657.1,5291560-4,5291560,1774075.542,1606490.01,2085749.695,2420463.249,2323101.775,1280933.988,921463.5357,442105.9882,265020.4033,270508.0723,423208.6386,1275167.41,0.775642848,0.740657904,0.836816208,0.897901176,0.880564152,0.66739008,0.575383152,0.419932104,0.342378792,0.34509456,0.412458408,0.666015432,1376049.01,1189859.52,1745389.15,2173336.8,2045640.14,854882.64,530194.5936,185654.4978,90737.36554,93350.86417,174555.9613,849281.17
